institution_location	specimen_origin	collection_code	collection_name	collection_name2
		USNH-SI-AG	American Grasses from the U.S. National Herbarium, Smithsonian Institution	
Oklahoma	New Mexico	UOK-BH-PNM	Bebb Herbarium of the University of Oklahoma. Plants of New Mexico	
Oklahoma	Oklahoma	UOK-BH-POK	Bebb Herbarium of the University of Oklahoma. Plants of Oklahoma	
	MEXICO	PME-CGP	C.G. Pringle. Plantae Mexicanea. 1889	
	MEXICO	PME-CGP-JAL	C.G. Pringle. Plantae Mexicanea. 1893. State of Jalisco	
Utah		CCM	Carbon County Museum	
	Nevada	FCM	Charleston Mts. Flora. Clark Co., Nevada. Distributed by I.W. Clokey	
		C-MHW	Collection of Matt H. Whisenhunt, Jr.	
	Texas	WTP	Collection of West Texas Plants	
Texas		AMCT-DRM	Deparment of Range Management. Agricultural & Mechanical College of Texas	
Texas		AMCT-DRM-PBZC	Deparment of Range Management. Agricultural & Mechanical College of Texas. Plants of Brazos County, Texas	
Texas		AMCT-RF	Department of Range & Forestry, A&M College of Texas. Range Plants	Department of Range Management. Agricultural & Mechanical College of Texas
		H-A	Eggert. Herbarium Americanum	
		H-ENCB	Escuela Nacional de Ciencias Biologicas. Instituto Politecnico Nacional. Herbario.	
Australia		H-ESWA	Ex State Herbarium. Western Australia	
Nebraska		EH-HH	Exchange Herbarium of Dr. H. Hapeman. Minden, Nebraska, U.S.A.	
		FCG	F.C. Greene Collection	
	MEXICO	FME-V	Flora de Mexico. State of Vera cruz	
	MEXICO	H-M	Flora Mexicana. Matuda Herbarium	
	Alabama	FAL-WC	Flora of Alabama. Flora of Washington County	
	North Carolina	FDRB	Flora of Deep River Basin, Lee Co. N.C.	
Massachusetts	Massachusetts	HWC-PEM	Flora of Easter Massachusetts. Herbarium of Wellesley College.	
Kansas	Kansas	FHKSC-FKS	Flora of Kansas. Fort Hays Kansas State College. F.W. Albertson	
	Massachusetts	FMA	Flora of Massachusetts	
	MEXICO	FME-V	Flora of Mexico	
	New Jersey	FNJ	Flora of New Jersey	
	New Mexico	FNM	Flora of New Mexico	
	Ohio	FOH	Flora of Ohio	
	MEXICO	FV	Flora of Veracruz	
	Vermont	FVE	Flora of Vermont	
	USA-	FWC	Flora of Washington County	
USA		FSH	Forest Service Herbarium. U.S. Department of Agriculture	
	ZIMBABWE	GH	Government Herbarium, Salisbury. Flora of Southern Rhodesia	
		H-JMG	Herb. [Herbarium] J.M. Grant	
MEXICO	MEXICO	H-ENCB-PH	Herbario de la Escuela Nacional de Ciencias Biologicas. Instituto Politecnico Nacional-Mexico, D.F. Plantas de Hidalgo	
MEXICO	MEXICO	H-ENCB-PO	Herbario de la Escuela Nacional de Ciencias Biologicas. Instituto Politecnico Nacional-Mexico, D.F. Plantas de Oaxaca	
MEXICO	MEXICO	H-ENCB-PSLP	Herbario de la Escuela Nacional de Ciencias Biologicas. Instituto Politecnico Nacional-Mexico, D.F. Plantas de San Luis Potosi colectadas por J. Rzedowski, MA. E. Sanchez, R. Cruz y alumnos acompanantes	
MEXICO	MEXICO	H-ENCB-PT	Herbario de la Escuela Nacional de Ciencias Biologicas. Instituto Politecnico Nacional-Mexico, D.F. Plantas de Tamaulipas colectadas por J. Rzedowski, MA. E. Sanchez, R. Cruz y alumnos acompanantes	
MEXICO	MEXICO	H-ENCB-PM	Herbario de la Escuela Nacional de Ciencias Biologicas. Instituto Politecnico Nacional-Mexico, D.F. Plantas mexicanas.	
MEXICO	MEXICO	H-IB-PJ	Herbario Nacional de Mexico. Instituto de Biologia (MEXU). Plantas de Mexico: Jalisco	
MEXICO	MEXICO	H-NM-PM	Herbario Nacional de Mexico. Plantas de Mexico	
MEXICO		H-NM	Herbario Nacional de Mexico: Michoacan. Herbario Nacional, Mexico (MEXU) y Herbario Esc. de Biologia UMSNH	
MEXICO	MEXICO	H-CPC	Herbario-Hortorio del Colegio de Postgraduados Chapingo, Mexico. Plantas de Mexico	
Texas		H-AMCT	Herbarium Agricultural and Mechanical College of Texas. Department of Biology	
Australia		H-A-DPI	Herbarium Australiense. Division of Plant Industry-C.S.I.R.O.-Canberra. Collected and distributed by Land Research and Regional Survey Section, C.S.I.R.O., Canberra	
	Pennsylvania	H-CM-FPA	Herbarium Carnegie Museum, Pittsburg, Pa. Flora of Pa [Pennsylvania], Crawford Co.	
Kansas	Michigan	H-KSAC-PMI	Herbarium Kansas State Agricultural College. Plants of Michigan. Emmet County	
Kansas	Kansas	H-KSCA-PKS	Herbarium Kansas State College of Agriculture and Applied Science Manhattan. Plants of Kansas	
		H-LEE	Herbarium L.E. Elledge	
Massachusetts		H-MBL	Herbarium Marine Biological Laboratory. Woods Hole, Mass.	
Arizona	Arizona	H-ASU-PZ	Herbarium of Arizona State University. Plants of Arizona	University of Arizona Herbarium. Plants of Arizona
Arizona	California	H-ASU-PC	Herbarium of Arizona State University. Plants of California	
Arizona	Florida	H-ASU-PFL	Herbarium of Arizona State University. Plants of Florida	
Arizona	Washington	H-ASU-PW	Herbarium of Arizona State University. Plants of Washington	
Utah		H-BYU	Herbarium of Brigham Young University, Provo, Utah	
Indiana	Indiana	H-BU-FIN	Herbarium of Butler University. Flora of Indiana Collected by Ray C. Friesner	
New Mexico		H-ENMJC	Herbarium of Eastern New Mexico Junior College	
		H-GBH	Herbarium of Geo. B. Hinton	
		H-HSTJ	Herbarium of Harold St. John [Professor of botany at the University of Hawai at Manoa from 1929-1958]	
		H-HPC	Herbarium of Howard Payne College	
Texas	Texas	H-HPC-BGWMA	Herbarium of Howard Payne College. Black Gap Wildlife Management Area	
Iowa		H-ISC	Herbarium of Iowa State College	
		H-JKS	Herbarium of John K. Small	
		H-JKS-BL	Herbarium of John K. Small. Budd's Lake, Sussex County, N.J. Legit, August 12-14, 1890, John K. Small	
	Pennsylvania	H-JKS-PA	Herbarium of John K. Small. Collected in the vicinity of Lancaster, PA., by John Small	
		H-JKS-PS	Herbarium of John K. Small. Potamogetones Scandinavici	
Kansas	Kansas	H-KSTC-FK	Herbarium of Kansas State Teachers College, Emporia, Kansas. Flora of Kansas	
	Maine	H-KF	Herbarium of Kate Furbish. Received November, 1908. Maine Flora, Androscoccin County. Valley of the Androscoggin River. South Poland 1893.	
New Hampshire	New Hampshire	H-KSC-FNH	Herbarium of Keene State College. Flora of New Hampshire	
Texas		H-LJC	Herbarium of Laredo Junior College	
	California	H-LCW	Herbarium of Louis C. Wheeler. Flora of California	
Canada		H-MGD	Herbarium of Margaret G. Dudley, Winnipeg, Canada	
West Virginia	West Virginia	H-MC-FWV-PGC	Herbarium of Marshall College. Flora of West Virginia. Giles County	
West Virginia	West Virginia	H-MC-FWV	Herbarium of Marshall College. Flora of West Virginia. Wayne County	
		H-MSU	Herbarium of Midwestern State University	
Australia		H-NT	Herbarium of Nothern Territory. Alice Springs, Australia	
Oklahoma	Ohio	H-OAMC-POH	Herbarium of Oklahoma A&M College. Plants of Ohio	
Oklahoma	Oklahoma	H-OAMC-POK	Herbarium of Oklahoma A. & M. College. Plants of Oklahoma	Herbarium of Oklahoma A. & M. College. Flora of Oklahoma
Oklahoma		H-OAMC	Herbarium of Oklahoma Agricultural and Mechanical College. Stillwater. Oklahoma	
Oklahoma	Colorado	H-OSU-PCO	Herbarium of Oklahoma State University. Plants of Colorado	
Oklahoma		H-OSU-PC	Herbarium of Oklahoma State University. Plants of cultivation	
Oklahoma	Delaware	H-OSU-PD	Herbarium of Oklahoma State University. Plants of Delaware	
Oklahoma	Kansas	H-OSU-PK	Herbarium of Oklahoma State University. Plants of Kansas	
Oklahoma	MEXICO	H-OSU-PM	Herbarium of Oklahoma State University. Plants of Mexico	
Oklahoma	New Mexico	H-OSU-PNM	Herbarium of Oklahoma State University. Plants of New Mexico	
Oklahoma	Oklahoma	H-OSU-POK	Herbarium of Oklahoma State University. Plants of Oklahoma	
Oklahoma	Texas	H-OSU-PTX	Herbarium of Oklahoma State University. Plants of Texas	
Oklahoma	Texas	H-OSU-PTXP	Herbarium of Oklahoma State University. Plants of the Texas Panhandle	
	Texas	H-OS	Herbarium of Omer Sperry	
	Texas	H-OS-PBRC	Herbarium of Omer Sperry. Plants fo Brazos County, Texas	
	Texas	H-OS-PBWC	Herbarium of Omer Sperry. Plants fo Brewster County, Texas	
Oklahoma		H-PAMC	Herbarium of Panhandle A. & M. College	
Oklahoma	Colorado	H-PAMC-FCO	Herbarium of Panhandle A. & M. College. Goodwell, Oklahoma. Flora of Colorado	
Oklahoma	Oklahoma	H-PAMC-FOK	Herbarium of Panhandle A. & M. College. Goodwell, Oklahoma. Flora of Oklahoma	
Oklahoma	Kansas	H-PAMC-FKS	Herbarium of Panhandle A. & M. College. Goodwell. Oklahoma. Flora of Kansas	
North Carolina		H-PWC	Herbarium of Patrick W. Carlton. North Carolina	
California		H-SFSC	Herbarium of San Francisco State College	
		H-FS	Herbarium of the Forest Service. U.S. Department of Agriculture	
Oklahoma		H-OAMC	Herbarium of the Oklahoma Agricultural and Mechanical College, Stillwater, Oklahoma	
Texas		H-WWF	Herbarium of the Rob and Bessie Welder Wildlife Foundation	
Colorado	Colorado	H-UC-PSLV	Herbarium of the University of Colorado. Plants of the San Luis Valley in Southern Colorado	
Michigan		H-UM	Herbarium of the University of Michigan	
Michigan	Michigan	H-UM-FDLR	Herbarium of the University of Michigan. Flora of the Douglas Lake Region. Emmet and Cheboygan Counties, Michigan.	
Michigan	Great Lakes Region	H-UM-PGLR	Herbarium of the University of Michigan. Flora of the Great Lake Region / Plants of the Great Lakes Region	Herbarium of the University of Michigan. Plants of theGreat Lake Region
Michigan	Michigan	H-UM-PWC	Herbarium of the University of Michigan. Plants of Washtenaw County, Michigan	
North Carolina	North Carolina	H-UNC-PCHC	Herbarium of the University of North Carolina. North Carolina. Chatham County. Collected for the "Flora of the Carolinas"	
North Carolina	North Carolina	H-UNC-PGC	Herbarium of the University of North Carolina. North Carolina. Graham Co.	
North Carolina		H-UNC	Herbarium of the University of North Carolina. North Carolina. Harnett County. Collected for the "Flora of the Carolinas"	
North Carolina		H-UNC-PWC	Herbarium of the University of North Carolina. North Carolina. Wayne County. Collected for the "Flora of the Carolinas"	
North Carolina	USA-	H-UNC-POC	Herbarium of the University of North Carolina. Orange Co., N.C.	
Indiana	Alaska	H-UND-PAK	Herbarium of the University of Notre Dame. Notre Dame, Indl, U.S.A. Plants of Alaska- Kodiak Island	
Oklahoma	Oklahoma	H-UO-POK	Herbarium of the University of Oklahoma. Plants of Oklahoma	
Texas		H-UT	Herbarium of the University of Texas	Herbarium of the Unversity [University] of Texas
Texas	Alaska	H-UT-PAK	Herbarium of the University of Texas. Plants of Alaska	
Texas	Texas	H-UT-PAC	Herbarium of the University of Texas. Plants of Andrews County, Texas	
Texas	Texas	H-UT-PARC	Herbarium of the University of Texas. Plants of Armstrong County, Texas	
Texas	Texas	H-UT-PBC	Herbarium of the University of Texas. Plants of Bastrop County, Texas	
Texas	Texas	H-UT-PBWC	Herbarium of the University of Texas. Plants of Brewster County, Texas	
Texas	Texas	H-UT-PCIC	Herbarium of the University of Texas. Plants of Cimarron County, Texas	
Texas	Texas	H-UT-PCLC	Herbarium of the University of Texas. Plants of Clay County, Texas	
Texas	Texas	H-UT-PDC	Herbarium of the University of Texas. Plants of Dallam County, Texas	
Texas	Texas	H-UT-PDIC	Herbarium of the University of Texas. Plants of Dickens County, Texas	
Texas	Texas	H-UT-PFC	Herbarium of the University of Texas. Plants of Frio County, Texas	
Texas	Texas	H-UT-PHLC	Herbarium of the University of Texas. Plants of Hale County, Texas	
Texas	Texas	H-UT-PHAC	Herbarium of the University of Texas. Plants of Hartley County, Texas	
Texas	Texas	H-UT-PHIC	Herbarium of the University of Texas. Plants of Hidalgo County, Texas	
Texas	Texas	H-UT-PKC	Herbarium of the University of Texas. Plants of Kenedy County, Texas	
Texas	Texas	H-UT-PMC	Herbarium of the University of Texas. Plants of Moore County, Texas	
Texas	MEXICO	H-UT-PNL	Herbarium of the University of Texas. Plants of Nuevo Leon, Mexico	
Texas	Texas	H-UT-POLC	Herbarium of the University of Texas. Plants of Oldham County, Texas	
Texas	Texas	H-UT-PPEC	Herbarium of the University of Texas. Plants of Pecos County, Texas	
Texas	Texas	H-UT-PPOC	Herbarium of the University of Texas. Plants of Polk County, Texas	
Texas	Texas	H-UT-PPTC	Herbarium of the University of Texas. Plants of Potter County, Texas	
Texas	Texas	H-UT-PPRC	Herbarium of the University of Texas. Plants of Presidio County, Texas	
Texas	Texas	H-UT-PTRC	Herbarium of the University of Texas. Plants of Travis County, Texas	
Texas	Texas	H-UT-PWKC	Herbarium of the University of Texas. Plants of Walker County, Texas	
Texas	Texas	H-UT-PWC	Herbarium of the University of Texas. Plants of Williamson County, Texas	
Oklahoma		H-UTU	Herbarium of the University of Tulsa	
West Virginia		H-WV	Herbarium of the West Virginia	
		H-TCP	Herbarium of Thomas C. Porter	
Oklahoma		H-UTU	Herbarium of University of Tulsa	
Massachusetts		H-WC	Herbarium of Wellesley College	
Massachusetts	Massachusetts	H-WC-FMA	Herbarium of Wellesley College. Flora of Massachusetts	
Massachusetts	New Hampshire	H-WC-FNH	Herbarium of Wellesley College. Flora of New Hampshire	
Texas		H-WLM	Herbarium of William Larrey McCart. Fort Worth, Texas	
Texas		H-TTC	Herbarium Texas Technological College, Lubbock, Texas	
Oklahoma		H-UOK	Herbarium. The University of Oklahoma	
Oklahoma		H-UOK-OFS	Herbarium. The University of Oklahoma. Oklahoma Forest Service	
USA	HONDURAS	CNHM	Honduras. Chicago Natural History Museum Expedition	
HONDURAS		H-EAP	Honduras. Herbarium of Escuela Agricola Panamericana	
		H-HCD	Horticultural Crops and Diseases Herbarium	
MEXICO	MEXICO	H-INIF	Instituto Nacional de Investigaciones Forestales. Mexico D.F.. Flora Mexicana. Herbario	
	Texas	MSWMA	Matador State Wildlife Management Area 12 miles northwest of Paducah	Cottle Co., Texas, Matador State Wildlife Management Area 12 miles northwest of Paducah
	South Virginia	MHVF-FHR	Middle Holston Valley Flora, S.W. Virginia. Collected about Falls of Holston River, Smyth County	
	South Virginia	MHVF	Middle Holston Valley Flora, S.W. Virginia. Collected at Mouth of Hungry's Mother Creek, Smyth County	
	North Carolina	MNCF	Middle North Carolina Flora, collected at Falls of the Yadkin River, Stanley Co. August 18, 1892, by John K. Small	
Missouri		H-MBG	Missouri Botanical Garden Herbarium	
	Maine	FNE	New England Flora, Franklin County, Maine	
	Vermont	FNE-VE	New England Flora, Vermont	
Arkansas	Arkansas	NWA-BEC-NE	Northwest Arkansas. N.E. Benton County	
Arkansas	Arkansas	NWA	Northwest Arkansas. Western Benton County	Northwest Arkansas. Benton County
	MEXICO	PME-GCP	Planta Mexicanae. G.G. Pringle	
	CHILE	PCH-CG	Plantae Chilenses. Dr. C. Grandjot coll. et det.	
	CHILE	PCH	Plantae Chilenses. Dr. E. Werdermann	
	MEXICO	PMEP	Plantae Mexicanae Purpusianae. Chiapas	
	MEXICO	MPEV	Plantas de Mexico: Veracruz. Sierra Madre Oriental. Municipio de Huayacocotla	
	Texas	PBQC	Plants fo Bosque County, Texas	
	Texas	PCLC	Plants fo Coleman County, Texas	
	Texas	P9K	Plants of 9K Ranch, Culberson Co., Texas. Headquarters on Ranch Rd. 1108 10 mi SSE U.S. Hwy. 62, 31 52 N, 104 28 W; elev. 3700 ft	
	Alabama	PAL	Plants of Alabama	
	Texas	PAC	Plants of Andrews County, Texas	
	Texas	PANC	Plants of Aransas Co., Texas	
	Arizona	PAZ	Plants of Arizona	
	Arizona	PAZ-DD	Plants of Arizona. Collected by Delzie Demaree. Coconino County	
	Arkansas	PAR	Plants of Arkansas	
	Arkansas	PAR-CRC-DD	Plants of Arkansas. Collected by Delzie Demaree. Craighead County	
	Arkansas	PAR-JEC-DD	Plants of Arkansas. Collected by Delzie Demaree. Jefferson County	
	Arkansas	PAR-DRC-DD	Plants of Arkansas. Collected by Delzie Demaree. Watson State Park. Drew County	
	Arkansas	PAR-WSP-JEC-DD	Plants of Arkansas. Collected by Delzie Demaree. Watson State Park. Jefferson County	
	Texas	PARC	Plants of Armstrong County, Texas	Plants of Armstrong [Armstrong] County, Texas
	Texas	PBC	Plants of Bailey County, Texas	
	BELGIUM	PB	Plants of Belgium	
	Texas	PBLC	Plants of Blanco Co., Texas	
	Texas	PBOC	Plants of Borden County	
	BRAZIL	PBR	Plants of Brazil	
	Texas	PBRC	Plants of Brewster County, Texas	
	Texas	PBIC	Plants of Briscoe County, Texas	
	Texas	PBLNWR	Plants of Buffalo Lake National Wildlife Refuge	
	Texas	PBUC	Plants of Burnet Co., Texas	
	California	PCA	Plants of California	
	Carolina	PCNC	Plants of Central North Carolina, collected in the vicinity of Heling's Mill P.O. Rowan County. August 13-18, 1891, by J.K. Small and A.A. Heller	
	New Mexico	PCFC	Plants of Colfax County, New Mexico	
	Colorado	PCO	Plants of Colorado	
	Texas	PCHC	Plants of Concho Co., Texas	
	Texas	PCOC	Plants of Cottle County, Texas	
	Texas	PCRC	Plants of Crosby Co., Texas	
	Texas	PCUC	Plants of Culberson County	
	Texas	CULT	Plants of Cultivation	
	Texas	PDAC	Plants of Dallam County, Texas	
	Texas	PDLC	Plants of Dallas Co., Texas	
	Texas	PDSC	Plants of Deaf Smith County, Texas	
	Texas	PDIC	Plants of Dickens County, Texas	
	Texas	PECC	Plants of Ector County, Texas	
	Texas	PEPC	Plants of El Paso Co., Texas	
	Texas	PEC	Plants of Erath Co., Texas	
	Texas	PFSP	Plants of Falcon State Park, Starr Co., Texas	
	Florida	PFL	Plants of Florida	
	Texas	PFLC	Plants of Floyd Co., Texas	
	Texas	PGC	Plants of Garza Co., Texas	
	Texas	GHWMA	Plants of Gene Howe Wildlife Management Area. 	Plants of the Texas Panhandle. Herbarium of the Gene Howe Wildlife Management Area
	Texas	GHWMA-HC	Plants of Gene Howe Wildlife Management Area. 5 miles East of Canadian, Hemphill County, Texas	
	MEXICO	PG	Plants of Guerrero, Mexico	
	Texas	PHDC	Plants of Hardin Co., Texas	
	Texas	PHRC	Plants of Hartley County, Texas	
	Hawai	PHI	Plants of Hawaii Oahu	
	Texas	PHAC	Plants of Hays County, Texas	
	Texas	PHEC	Plants of Hemphill County, Texas	
	MEXICO	PHD	Plants of Hidalgo, Mexico	
	Texas	PILSP	Plants of Inks Lake State Park	
	Texas	PJEC	Plants of Jeff Davis Co., Texas	
	Kansas	PKS	Plants of Kansas	
	Texas	PKFC	Plants of Kaufman County, Texas	
	Texas	PKNC	Plants of Kent Co., Texas	
	Texas	PKTC	Plants of Kermit County, Texas	
	Texas	PKC	Plants of Kerr Co., Texas	
	Texas	PLAC	Plants of Lamb County, Texas	
	LIBYA	PLY-AA	Plants of Libya - Arnold Arboretum, Harvard University	
	LIBYA	PLY	Plants of Libya - Tripollitania	
	Texas	PLUC	Plants of Lubbock County, Texas	
	Virginia	PL	Plants of Luray, Va. [Virginia]	
Texas		TTU-PMJ	Plants of Maryam Jalali. Texas Tech University	
	Maryland	PMD	Plants of Maryland	
	Massachusetts	PMA	Plants of Massachusetts	
	MEXICO	PME	Plants of Mexico	
	Michigan	PMI	Plants of Michigan	
		PMG	Plants of Middle Georgia. Collected on Little Stone Mountain, De Kalb County, by John K. Small, September 11, 1894	
	Mississippi	PMS	Plants of Mississippi. Collected by Delzie Demaree	
	Missouri	PMO	Plants of Missouri	
	Texas	PMIC	Plants of Mitchell Co., Texas	
	MEXICO	PMR	Plants of Morelos	Plants of Morelos, Mexico
	Texas	PMOC	Plants of Motley Co., Texas	
	Nevada	PNV	Plants of Nevada	
	New Mexico	PNM	Plants of New Mexico	
	New Mexico	PNM-GF	Plants of New Mexico. Collected by Geo L. Fisher, American Botanical Exchange, 611 West Pierce Ave., Houston, Texas, U.S.A.	
	New York	PNY	Plants of New York	
	Texas	POCC	Plants of Ochiltree County, Texas	
	Ohio	POH	Plants of Ohio	
	Oklahoma	POK	Plants of Oklahoma	
	Oklahoma	POK-MCC	Plants of Oklahoma. McCurtain County	
	Oklahoma	POK-PPAC	Plants of Oklahoma. Payne County	
	Oregon	POR	Plants of Oregon	
	New Mexico	POTC	Plants of Otero County, New Mexico	
	Texas	PPPC	Plants of Palo Pinto, Texas	
	Oklahoma	PPAC	Plants of Payne Co., Oklahoma	
	Texas	PPEC	Plants of Pecos County, Texas	
	Texas	PPRC	Plants of Presidio County, Texas	
	Texas	PRC	Plants of Randall Co., Texas	
	Texas	PSJ	Plants of San Jacinto Co., Texas	
	New Mexico	PSMC	Plants of San Miguel Co., New Mexico	
	Texas	PSPC	Plants of San Patricio County, Texas	
	Oklahoma	PSTC	Plants of Stephens Co., Texas	
	Texas	PSUC	Plants of Sutton County, Texas	
	New Mexico	PTAC	Plants of Taos County, New Mexico	
	Texas	PTNC	Plants of Tarrant Co., Texas	
	Texas	PTYC	Plants of Taylor County, Texas	
	Texas	PTX	Plants of Texas	
Texas	Texas	PTTCRF	Plants of Texas Technological College Research Farm, Carson County, Texas	
Texas	Texas	PTX-ABE	Plants of Texas. Collected at Houston, Texas, U.S.A. alt. 50 ft. American Botanical Exchange, 611 West Pierce Ave., Houston, Texas, U.S.A.	
	Texas	PTX-GF	Plants of Texas. Collected by Geo L. Fisher, American Botanical Exchange, 611 West Pierce Ave., Houston, Texas, U.S.A.	
Michigan	Texas	PTX-RV	Plants of Texas. Collected for the Herbarium of the University of Michigan by Rogers McVaugh and A.M. Harvill, Jr.	
Texas	Texas	H-HPC-PTX	Plants of Texas. Herbarium of Howard Payne College	
Texas	Texas	H-LJC-PTX	Plants of Texas. Herbarium of Laredo Junior College	
Texas	Texas	H-SMU-PTX	Plants of Texas. Herbarium of Southern Methodist University	
	Utah	PUT	Plants of Utah	
	Texas	ANF	Plants of the Austro-Riparian biotic province. Angelina National Forest	
	Texas	ANF-TYC	Plants of the Austro-Riparian biotic province. Angelina National Forest. Plants of Tyler Co., Texas	
	Texas	PBBP-CMR	Plants of the Balconian Biotic Province. Central Mineral Region. Plants of Burnet Co., Texas	
	Texas	PBBP	Plants of the Balconian Biotic Province. Edwards Plateau Oak and Juniper. Plants of Uvalde Co., Texas	
	Texas	PBBP-SHNF	Plants of the Balconian Biotic Province. Province Sam Houston National Forest. Plants of San Jacinto Co., Texas	
Michigan	Great Lakes Region	H-CKD-PGLR	Plants of the Great Lakes Region. Herbarium of Chas. K. Dodge, Port Huron, Michigan	
	Texas	PMNWR	Plants of the Muleshoe National Wildlife Refuge, Bailey Co. Texas	
	Texas	PRBWWR	Plants of the Rob and Bessie Welder Wildlife Refuge	[Plants of the] Rob and Bessie Welder Wildlife Refuge
	Texas	PSP	Plants of the South Plains	
		PTBP	Plants of the Tamaulipan Biotic Province	
	Texas	PTXP	Plants of the Texas Panhandle	
Texas	Texas	GHWMA	Plants of the Texas Panhandle. Herbarium of the Gene Howe Wildlife Management Area.	Plants of Texas. Gene Howe Wildlife Management Area,  X Mi. NE Canadian, Hemphill Co., Texas
Oklahoma	Texas	H-OSU-PTP	Plants of the Texas Panhandle. Herbarium of the Oklahoma State University	
		PWP	Plants of the Western Plains	
	Texas	PTP	Plants of Trans-Pecos Texas	
	Texas	PTRC	Plants of Travis County, Texas	
	Texas	PVVC	Plants of Val Verde County, Texas	
Texas	Texas	PVZC	Plants of Van Zandt County, Texas	
	Virginia	PVI	Plants of Virginia	
	Texas	PWC	Plants of Webb County, Texas	
	Texas	PWTP	Plants of West Texas Plains. Collected by Sarah J. Bullock	
	North Carolina	PWNC	Plants of Western North Carolina, collected on Grandfather Mountain, Watauga County, July 11, 1891, by J.K. Small and A.A. Heller	
	North Carolina	PWNC-LB	Plants of Western North Carolina, collected on Lyon's  Bluff, Roan Mountain, Mitchell County, July 16, 1891, by J.K. Small and A.A. Heller	
	Texas	PWLC	Plants of Williamson Co., Texas	
	Texas	PWIC	Plants of Winkler Co., Texas	
	Texas	PWIC-KBP	Plants of Winkler Co., Texas. Kansan Biotic Province	
	Wisconsin	PWI	Plants of Wisconsin	
	Texas	PWC	Plants of Wood Co., Texas	
	Wyoming	PWY	Plants of Wyoming	
	Texas	PZC	Plants of Zavalla Co., Texas	
California	California	RSABG-PC	Rancho Santa Ana Botanic Garden. Plants of California / Rancho Santa Ana Botanic Garden of the Native Plants of California	
Texas		AMCT-RM	Range Management Department. A&M College of Texas	
	Colorado	RMH-CSCES	Range Management Herbarium. Colorado State College and Experiment Station	
		RMFRES	Range Management Herbarium. Rocky Mountain Forest and Range Experiment Station	
Mexico	Baja California	SDMNH	San Diego Museum of Natural History, Baja California, Mexico	
USA		SABC	Southern Appalachian Botanical Club. Ninth Distribution of Southeastern Plants	
Texas		AMCT	Summer Field Expediton. A. and M. College of Texas. Depts. of  Biology and Wildlife Management	
Texas	Texas	H-TTU-PCBSP	Texas Tech University Herbarium. Plants of Copper Breaks State Park. Hardeman County, Texas	
Texas	Texas	H-TTU-FNM	Texas Tech University. E.L. Reed Herbarium. Flora of New Mexico, USA	
Texas	Colorado	TTU-PCO	Texas Tech University. Plants of Colorado	
Texas	Texas	TTU-PCKC	Texas Tech University. Plants of Crockett County	
Texas	Texas	TTU-PCRC	Texas Tech University. Plants of Crosby County, Texas	
		TTU-PCUC	Texas Tech University. Plants of Culberson County	
Texas	Louisiana	TTU-PLA	Texas Tech University. Plants of Louisiana	
Texas		TTU-PMJ	Texas Tech University. Plants of Maryam Jalali	
Texas	Mexico	TTU-PMX	Texas Tech University. Plants of Mexico	
Texas	Montana	TTU-PMO	Texas Tech University. Plants of Montana	
Texas	New Mexico	TTU-PNM	Texas Tech University. Plants of New Mexico	
Texas	Texas	TTU-RGA	Texas Tech University. Plants of Rio Grande Area, Texas	
Texas	Texas	TTU-PTX	Texas Tech University. Plants of Texas	
Texas	Texas	TTU-PTX-KC	Texas Tech University. Plants of Texas. Kimble County	
Texas	Texas	TTU-PTX-LUC	Texas Tech University. Plants of Texas. Lubbock County	
Texas	Texas	TTU-PTX-TAC	Texas Tech University. Plants of Texas. Tarrant County	
Texas	Virginia	TTU-PVI	Texas Tech University. Plants of Virginia	
Texas		H-TTC	Texas Technological College Herbarium	
Texas	Texas	H-TTC-AH-PLUC	Texas Technological College Herbarium. Agronomy Herbarium. Plants of Dickens County, Texas	
Texas	Texas	H-TTC-AH-PLUC	Texas Technological College Herbarium. Agronomy Herbarium. Plants of Lubbock County, Texas	
Texas	Texas	H-TTC-PBWC	Texas Technological College Herbarium. Plants of Brewster County, Texas	
		H-TTC-PBRC	Texas Technological College Herbarium. Plants of Briscoe County, Texas	
Texas	Texas	H-TTC-PCRC	Texas Technological College Herbarium. Plants of Crosby County, Texas	
Texas	Texas	H-TTC-PDAC	Texas Technological College Herbarium. Plants of Dawson County, Texas	
Texas	Texas	H-TTC-PDIC	Texas Technological College Herbarium. Plants of Dickens County, Texas	
Texas	Texas	H-TTC-PECC	Texas Technological College Herbarium. Plants of Ector County, Texas	
Texas	Texas	H-TTC-PELC	Texas Technological College Herbarium. Plants of El Paso County, Texas	
Texas	Texas	H-TTC-PGAC	Texas Technological College Herbarium. Plants of Garza County, Texas	
Texas	Texas	H-TTC-PHAC	Texas Technological College Herbarium. Plants of Hale County, Texas	
Texas	Texas	H-TTC-PHC	Texas Technological College Herbarium. Plants of Hemphill County, Texas	
Texas	Texas	H-TTC-PKC	Texas Technological College Herbarium. Plants of Kaufman County, Texas	
Texas	Texas	H-TTC-PLAC	Texas Technological College Herbarium. Plants of Lamb County, Texas	
Texas	Texas	H-TTC-PLLC	Texas Technological College Herbarium. Plants of Llano County, Texas	
Texas	Texas	H-TTC-PLUC	Texas Technological College Herbarium. Plants of Lubbock County, Texas	
Texas	Texas	H-TTC-PLYC	Texas Technological College Herbarium. Plants of Lynn County, Texas	
Texas	Texas	H-TTC-PMLC	Texas Technological College Herbarium. Plants of McLennan County, Texas	
Texas	Texas	H-TTC-PMIC	Texas Technological College Herbarium. Plants of Midland County, Texas	
Texas	Texas	H-TTC-PMOC	Texas Technological College Herbarium. Plants of Motley County, Texas	
Texas	Texas	H-TTC-PPEC	Texas Technological College Herbarium. Plants of Pecos County, Texas	
Texas	Texas	H-TTC-PRAC	Texas Technological College Herbarium. Plants of Randall County, Texas	
Texas	New Mexico	H-TTC-PSMC	Texas Technological College Herbarium. Plants of San Miguel County, New Mexico	
Texas	Texas	H-TTC-PSWC	Texas Technological College Herbarium. Plants of Swisher County, New Mexico	
Texas	New Mexico	H-TTC-PTAC	Texas Technological College Herbarium. Plants of Taos County, New Mexico	
Texas	Texas	H-TTC-PTEC	Texas Technological College Herbarium. Plants of Terry County, Texas	
Texas	Texas	TTC-AH-PJC	Texas Technological College. Agronomy Herbarium. Plants of Jones County Texas	
Texas		TTC-RMH	Texas Technological College. Range Management Herbarium.	
Texas		TTC-B	Texas Technological College-Botany	
Texas	Texas	TAMU-DB-PTX	The Department of Biology Herbarium. Texas A&M University. Plants of Texas	
New York	Florida	NYBG-EPF	The New York Botanical Garden with the cooperation of Charles Deering. Exploration of Peninsular Florida.	
New York	Florida	NYBG-EEK	The New York Botanical Garden with the cooperation of Charles Deering. Exploration of the Everglade Keys, Tropical Florida	
New York	Florida	NYBG-EE	The New York Botanical Garden with the cooperation of Charles Deering. Exploration of the Everglades	
New York	Florida	NYBG-ETF	The New York Botanical Garden with the cooperation of Charles Deering. Exploration of Tropical Florida.	
New York	Florida	NYBG-EFK	The New York Botanical Garden with the cooperation of Mr. Charles Deering. Exploration of the Florida Keys, Tropical Florida.	
Texas		H-R	The Runyon Herbarium, Brownsville, Texas	
Texas	Mexico	TAMU-TH-PMX	Tracy Herbarium. Texas A&M University. Plants of Mexico	
Texas	Oklahoma	TAMU-TH-POK	Tracy Herbarium. Texas A&M University. Plants of Oklahoma	
Texas	Texas	TAMU-TH-PTX	Tracy Herbarium. Texas A&M University. Plants of Texas	Tracy Herbarium. A.& M. College of Texas. Plants of Texas
Michigan		H-UM-CKD	University of Michigan Herbarium. Charles K. Dodge Collection	
Texas	Georgia	H-UT-PGA	University of Texas Herbarium. Plants of Georgia	
